{"cameraMode":{"drawMode":0,"name":"Shaded","section":"Shading Mode"},"sceneLighting":true,"audioPlay":false,"sceneViewState":{"showFog":true,"showMaterialUpdate":false,"showSkybox":true,"showFlares":true,"showImageEffects":true,"showParticleSystems":true},"in2DMode":false,"pivot":{"x":130.02999877929688,"y":96.15809631347656,"z":-11.854795455932618},"rotation":{"x":0.38997480273246767,"y":-0.547968327999115,"z":0.31953689455986025,"w":0.6677585244178772},"size":-36.27882385253906,"orthographic":false}