{"cameraMode":{"drawMode":0,"name":"Shaded","section":"Shading Mode"},"sceneLighting":false,"audioPlay":false,"sceneViewState":{"showFog":true,"showMaterialUpdate":false,"showSkybox":false,"showFlares":true,"showImageEffects":true,"showParticleSystems":true},"in2DMode":false,"pivot":{"x":171.68983459472657,"y":-25.212005615234376,"z":-9.313156127929688},"rotation":{"x":0.40503743290901186,"y":-0.03712550923228264,"z":0.016218150034546853,"w":0.9135510325431824},"size":219.7988739013672,"orthographic":false}